{
  "false_positives_stats": {
    "skills_similarity": {
      "count": 5484.0,
      "mean": 1.0,
      "std": 0.0,
      "min": 1.0,
      "25%": 1.0,
      "50%": 1.0,
      "75%": 1.0,
      "max": 1.0
    },
    "area_match": {
      "count": 5484.0,
      "mean": 0.2076951130561634,
      "std": 0.4056943004824236,
      "min": 0.0,
      "25%": 0.0,
      "50%": 0.0,
      "75%": 0.0,
      "max": 1.0
    },
    "tfidf_similarity": {
      "count": 5484.0,
      "mean": 1.0,
      "std": 2.1977530557310836e-16,
      "min": 0.9999999999999991,
      "25%": 1.0,
      "50%": 1.0,
      "75%": 1.0000000000000002,
      "max": 1.0000000000000009
    },
    "n_cv_skills": {
      "count": 5484.0,
      "mean": 1.0,
      "std": 0.0,
      "min": 1.0,
      "25%": 1.0,
      "50%": 1.0,
      "75%": 1.0,
      "max": 1.0
    },
    "n_job_skills": {
      "count": 5484.0,
      "mean": 1.0,
      "std": 0.0,
      "min": 1.0,
      "25%": 1.0,
      "50%": 1.0,
      "75%": 1.0,
      "max": 1.0
    },
    "skills_coverage_ratio": {
      "count": 5484.0,
      "mean": 1.0,
      "std": 0.0,
      "min": 1.0,
      "25%": 1.0,
      "50%": 1.0,
      "75%": 1.0,
      "max": 1.0
    },
    "keyword_overlap": {
      "count": 5484.0,
      "mean": 1.0,
      "std": 0.0,
      "min": 1.0,
      "25%": 1.0,
      "50%": 1.0,
      "75%": 1.0,
      "max": 1.0
    },
    "composite_score": {
      "count": 5484.0,
      "mean": 0.7623084187507629,
      "std": 0.12170829623937607,
      "min": 0.699999988079071,
      "25%": 0.699999988079071,
      "50%": 0.699999988079071,
      "75%": 0.699999988079071,
      "max": 1.0
    },
    "true": {
      "count": 5484.0,
      "mean": 0.0,
      "std": 0.0,
      "min": 0.0,
      "25%": 0.0,
      "50%": 0.0,
      "75%": 0.0,
      "max": 0.0
    },
    "pred": {
      "count": 5484.0,
      "mean": 1.0,
      "std": 0.0,
      "min": 1.0,
      "25%": 1.0,
      "50%": 1.0,
      "75%": 1.0,
      "max": 1.0
    },
    "prob": {
      "count": 5484.0,
      "mean": 0.5711894035339355,
      "std": 0.03609456494450569,
      "min": 0.5157291889190674,
      "25%": 0.5504024028778076,
      "50%": 0.5504024028778076,
      "75%": 0.585256040096283,
      "max": 0.6854257583618164
    }
  },
  "false_negatives_stats": {
    "skills_similarity": {
      "count": 1014.0,
      "mean": 1.0,
      "std": 0.0,
      "min": 1.0,
      "25%": 1.0,
      "50%": 1.0,
      "75%": 1.0,
      "max": 1.0
    },
    "area_match": {
      "count": 1014.0,
      "mean": 0.09960552268244575,
      "std": 0.2996210871465088,
      "min": 0.0,
      "25%": 0.0,
      "50%": 0.0,
      "75%": 0.0,
      "max": 1.0
    },
    "tfidf_similarity": {
      "count": 1014.0,
      "mean": 0.995069033530572,
      "std": 0.07008206420512028,
      "min": 0.0,
      "25%": 1.0,
      "50%": 1.0,
      "75%": 1.0000000000000002,
      "max": 1.0000000000000007
    },
    "n_cv_skills": {
      "count": 1014.0,
      "mean": 1.0,
      "std": 0.0,
      "min": 1.0,
      "25%": 1.0,
      "50%": 1.0,
      "75%": 1.0,
      "max": 1.0
    },
    "n_job_skills": {
      "count": 1014.0,
      "mean": 1.0,
      "std": 0.0,
      "min": 1.0,
      "25%": 1.0,
      "50%": 1.0,
      "75%": 1.0,
      "max": 1.0
    },
    "skills_coverage_ratio": {
      "count": 1014.0,
      "mean": 1.0,
      "std": 0.0,
      "min": 1.0,
      "25%": 1.0,
      "50%": 1.0,
      "75%": 1.0,
      "max": 1.0
    },
    "keyword_overlap": {
      "count": 1014.0,
      "mean": 0.0,
      "std": 0.0,
      "min": 0.0,
      "25%": 0.0,
      "50%": 0.0,
      "75%": 0.0,
      "max": 0.0
    },
    "composite_score": {
      "count": 1014.0,
      "mean": 0.728895366191864,
      "std": 0.09129626303911209,
      "min": 0.5,
      "25%": 0.699999988079071,
      "50%": 0.699999988079071,
      "75%": 0.699999988079071,
      "max": 1.0
    },
    "true": {
      "count": 1014.0,
      "mean": 1.0,
      "std": 0.0,
      "min": 1.0,
      "25%": 1.0,
      "50%": 1.0,
      "75%": 1.0,
      "max": 1.0
    },
    "pred": {
      "count": 1014.0,
      "mean": 0.0,
      "std": 0.0,
      "min": 0.0,
      "25%": 0.0,
      "50%": 0.0,
      "75%": 0.0,
      "max": 0.0
    },
    "prob": {
      "count": 1014.0,
      "mean": 0.18506401777267456,
      "std": 0.04950293153524399,
      "min": 0.07652870565652847,
      "25%": 0.1617819219827652,
      "50%": 0.1617819219827652,
      "75%": 0.1617819219827652,
      "max": 0.3110617995262146
    }
  },
  "n_false_positives": 5484,
  "n_false_negatives": 1014,
  "fp_mean_prob": 0.5711894035339355,
  "fn_mean_prob": 0.18506401777267456
}