{
  "roc_auc": 0.7432333449118722,
  "f1_score": 0.7498267498267498,
  "f1_score_opt": 0.7498267498267498,
  "best_threshold": 0.5157291889190674,
  "confusion_matrix": [
    [
      4515,
      5484
    ],
    [
      1014,
      9738
    ]
  ],
  "confusion_matrix_opt": [
    [
      4515,
      5484
    ],
    [
      1014,
      9738
    ]
  ],
  "classification_report": {
    "0": {
      "precision": 0.8166033640803039,
      "recall": 0.4515451545154515,
      "f1-score": 0.5815301391035549,
      "support": 9999.0
    },
    "1": {
      "precision": 0.6397319668900275,
      "recall": 0.9056919642857143,
      "f1-score": 0.7498267498267498,
      "support": 10752.0
    },
    "accuracy": 0.6868584646523059,
    "macro avg": {
      "precision": 0.7281676654851656,
      "recall": 0.6786185594005829,
      "f1-score": 0.6656784444651523,
      "support": 20751.0
    },
    "weighted avg": {
      "precision": 0.724958563223003,
      "recall": 0.6868584646523059,
      "f1-score": 0.6687319683404973,
      "support": 20751.0
    }
  }
}