{
  "roc_auc": 0.6190876667651886,
  "f1_score": 0.4741271037427782,
  "f1_score_opt": 0.6838471572651205,
  "best_threshold": 0.4324989914894104,
  "confusion_matrix": [
    [
      8602,
      1397
    ],
    [
      6977,
      3775
    ]
  ],
  "confusion_matrix_opt": [
    [
      67,
      9932
    ],
    [
      5,
      10747
    ]
  ],
  "classification_report": {
    "0": {
      "precision": 0.5521535400218243,
      "recall": 0.8602860286028603,
      "f1-score": 0.6726092735944953,
      "support": 9999.0
    },
    "1": {
      "precision": 0.729891724671307,
      "recall": 0.35109747023809523,
      "f1-score": 0.4741271037427782,
      "support": 10752.0
    },
    "accuracy": 0.5964531829791335,
    "macro avg": {
      "precision": 0.6410226323465656,
      "recall": 0.6056917494204778,
      "f1-score": 0.5733681886686368,
      "support": 20751.0
    },
    "weighted avg": {
      "precision": 0.6442474613437479,
      "recall": 0.5964531829791335,
      "f1-score": 0.5697669869458681,
      "support": 20751.0
    }
  }
}