{
  "false_positives_stats": {
    "skills_similarity": {
      "count": 1397.0,
      "mean": 1.0,
      "std": 0.0,
      "min": 1.0,
      "25%": 1.0,
      "50%": 1.0,
      "75%": 1.0,
      "max": 1.0
    },
    "area_match": {
      "count": 1397.0,
      "mean": 1.0,
      "std": 0.0,
      "min": 1.0,
      "25%": 1.0,
      "50%": 1.0,
      "75%": 1.0,
      "max": 1.0
    },
    "tfidf_similarity": {
      "count": 1397.0,
      "mean": 1.0,
      "std": 2.202880217e-16,
      "min": 1.0,
      "25%": 1.0,
      "50%": 1.0,
      "75%": 1.0,
      "max": 1.0
    },
    "composite_score": {
      "count": 1397.0,
      "mean": 1.0,
      "std": 0.0,
      "min": 1.0,
      "25%": 1.0,
      "50%": 1.0,
      "75%": 1.0,
      "max": 1.0
    },
    "true": {
      "count": 1397.0,
      "mean": 0.0,
      "std": 0.0,
      "min": 0.0,
      "25%": 0.0,
      "50%": 0.0,
      "75%": 0.0,
      "max": 0.0
    },
    "pred": {
      "count": 1397.0,
      "mean": 1.0,
      "std": 0.0,
      "min": 1.0,
      "25%": 1.0,
      "50%": 1.0,
      "75%": 1.0,
      "max": 1.0
    },
    "prob": {
      "count": 1397.0,
      "mean": 0.5788506269,
      "std": 0.0,
      "min": 0.5788505077,
      "25%": 0.5788505077,
      "50%": 0.5788505077,
      "75%": 0.5788505077,
      "max": 0.5788505077
    }
  },
  "false_negatives_stats": {
    "skills_similarity": {
      "count": 6977.0,
      "mean": 1.0,
      "std": 0.0,
      "min": 1.0,
      "25%": 1.0,
      "50%": 1.0,
      "75%": 1.0,
      "max": 1.0
    },
    "area_match": {
      "count": 6977.0,
      "mean": 0.0,
      "std": 0.0,
      "min": 0.0,
      "25%": 0.0,
      "50%": 0.0,
      "75%": 0.0,
      "max": 0.0
    },
    "tfidf_similarity": {
      "count": 6977.0,
      "mean": 0.9992833596,
      "std": 0.0267624639,
      "min": 0.0,
      "25%": 1.0,
      "50%": 1.0,
      "75%": 1.0,
      "max": 1.0
    },
    "composite_score": {
      "count": 6977.0,
      "mean": 0.6998565793,
      "std": 0.0053524924,
      "min": 0.5,
      "25%": 0.6999999881,
      "50%": 0.6999999881,
      "75%": 0.6999999881,
      "max": 0.6999999881
    },
    "true": {
      "count": 6977.0,
      "mean": 1.0,
      "std": 0.0,
      "min": 1.0,
      "25%": 1.0,
      "50%": 1.0,
      "75%": 1.0,
      "max": 1.0
    },
    "pred": {
      "count": 6977.0,
      "mean": 0.0,
      "std": 0.0,
      "min": 0.0,
      "25%": 0.0,
      "50%": 0.0,
      "75%": 0.0,
      "max": 0.0
    },
    "prob": {
      "count": 6977.0,
      "mean": 0.4322454929,
      "std": 0.0094655501,
      "min": 0.0788114667,
      "25%": 0.4324989915,
      "50%": 0.4324989915,
      "75%": 0.4324989915,
      "max": 0.4324989915
    }
  },
  "n_false_positives": 1397,
  "n_false_negatives": 6977,
  "fp_mean_prob": 0.5788506269454956,
  "fn_mean_prob": 0.43224549293518066
}