{
  "false_positives_stats": {
    "skills_similarity": {
      "count": 1397.0,
      "mean": 1.0,
      "std": 0.0,
      "min": 1.0,
      "25%": 1.0,
      "50%": 1.0,
      "75%": 1.0,
      "max": 1.0
    },
    "area_match": {
      "count": 1397.0,
      "mean": 1.0,
      "std": 0.0,
      "min": 1.0,
      "25%": 1.0,
      "50%": 1.0,
      "75%": 1.0,
      "max": 1.0
    },
    "tfidf_similarity": {
      "count": 1397.0,
      "mean": 1.0,
      "std": 2.202880216667875e-16,
      "min": 0.9999999999999992,
      "25%": 1.0,
      "50%": 1.0,
      "75%": 1.0000000000000002,
      "max": 1.0000000000000009
    },
    "composite_score": {
      "count": 1397.0,
      "mean": 1.0,
      "std": 0.0,
      "min": 1.0,
      "25%": 1.0,
      "50%": 1.0,
      "75%": 1.0,
      "max": 1.0
    },
    "true": {
      "count": 1397.0,
      "mean": 0.0,
      "std": 0.0,
      "min": 0.0,
      "25%": 0.0,
      "50%": 0.0,
      "75%": 0.0,
      "max": 0.0
    },
    "pred": {
      "count": 1397.0,
      "mean": 1.0,
      "std": 0.0,
      "min": 1.0,
      "25%": 1.0,
      "50%": 1.0,
      "75%": 1.0,
      "max": 1.0
    },
    "prob": {
      "count": 1397.0,
      "mean": 0.5788506269454956,
      "std": 0.0,
      "min": 0.578850507736206,
      "25%": 0.578850507736206,
      "50%": 0.578850507736206,
      "75%": 0.578850507736206,
      "max": 0.578850507736206
    }
  },
  "false_negatives_stats": {
    "skills_similarity": {
      "count": 6977.0,
      "mean": 1.0,
      "std": 0.0,
      "min": 1.0,
      "25%": 1.0,
      "50%": 1.0,
      "75%": 1.0,
      "max": 1.0
    },
    "area_match": {
      "count": 6977.0,
      "mean": 0.0,
      "std": 0.0,
      "min": 0.0,
      "25%": 0.0,
      "50%": 0.0,
      "75%": 0.0,
      "max": 0.0
    },
    "tfidf_similarity": {
      "count": 6977.0,
      "mean": 0.9992833596101476,
      "std": 0.026762463866349083,
      "min": 0.0,
      "25%": 1.0,
      "50%": 1.0,
      "75%": 1.0000000000000002,
      "max": 1.0000000000000009
    },
    "composite_score": {
      "count": 6977.0,
      "mean": 0.6998565793037415,
      "std": 0.005352492444217205,
      "min": 0.5,
      "25%": 0.699999988079071,
      "50%": 0.699999988079071,
      "75%": 0.699999988079071,
      "max": 0.699999988079071
    },
    "true": {
      "count": 6977.0,
      "mean": 1.0,
      "std": 0.0,
      "min": 1.0,
      "25%": 1.0,
      "50%": 1.0,
      "75%": 1.0,
      "max": 1.0
    },
    "pred": {
      "count": 6977.0,
      "mean": 0.0,
      "std": 0.0,
      "min": 0.0,
      "25%": 0.0,
      "50%": 0.0,
      "75%": 0.0,
      "max": 0.0
    },
    "prob": {
      "count": 6977.0,
      "mean": 0.43224549293518066,
      "std": 0.009465550072491169,
      "min": 0.07881146669387817,
      "25%": 0.4324989914894104,
      "50%": 0.4324989914894104,
      "75%": 0.4324989914894104,
      "max": 0.4324989914894104
    }
  },
  "n_false_positives": 1397,
  "n_false_negatives": 6977,
  "fp_mean_prob": 